	<?xml version="1.0"?>
<?mso-application progid="Excel.Sheet"?>
<Workbook xmlns="urn:schemas-microsoft-com:office:spreadsheet"
 xmlns:o="urn:schemas-microsoft-com:office:office"
 xmlns:x="urn:schemas-microsoft-com:office:excel"
 xmlns:ss="urn:schemas-microsoft-com:office:spreadsheet"
 xmlns:html="http://www.w3.org/TR/REC-html40">
 <DocumentProperties xmlns="urn:schemas-microsoft-com:office:office">
  <Created>2015-06-05T18:17:20Z</Created>
  <LastSaved>2016-01-04T18:15:18Z</LastSaved>
  <Version>16.00</Version>
 </DocumentProperties>
 <OfficeDocumentSettings xmlns="urn:schemas-microsoft-com:office:office">
  <AllowPNG/>
  <RemovePersonalInformation/>
 </OfficeDocumentSettings>
 <ExcelWorkbook xmlns="urn:schemas-microsoft-com:office:excel">
  <WindowHeight>12640</WindowHeight>
  <WindowWidth>22260</WindowWidth>
  <WindowTopX>32767</WindowTopX>
  <WindowTopY>460</WindowTopY>
  <ProtectStructure>False</ProtectStructure>
  <ProtectWindows>False</ProtectWindows>
 </ExcelWorkbook>
 <Styles>
  <Style ss:ID="Default" ss:Name="Normal">
   <Alignment ss:Vertical="Bottom"/>
   <Borders/>
   <Font ss:FontName="Calibri" x:Family="Swiss" ss:Size="11" ss:Color="#000000"/>
   <Interior/>
   <NumberFormat/>
   <Protection/>
  </Style>
  <Style ss:ID="s16">
   <Font ss:FontName="Calibri" x:Family="Swiss" ss:Size="11" ss:Color="#000000"
    ss:Bold="1"/>
  </Style>
 </Styles>
 <Worksheet ss:Name="fileEncodings">
  <Table ss:ExpandedColumnCount="4" ss:ExpandedRowCount="6" x:FullColumns="1"
   x:FullRows="1" ss:DefaultColumnWidth="53" ss:DefaultRowHeight="15">
   <Column ss:Index="2" ss:Width="82"/>
   <Column ss:Index="4" ss:Width="66"/>
   <Row>
    <Cell ss:StyleID="s16"><Data ss:Type="String">Id</Data></Cell>
    <Cell ss:StyleID="s16"><Data ss:Type="String">Name</Data></Cell>
    <Cell ss:StyleID="s16"><Data ss:Type="String">Province</Data></Cell>
    <Cell ss:StyleID="s16"><Data ss:Type="String">Balance</Data></Cell>
   </Row>
   <Row>
    <Cell><Data ss:Type="Number">1</Data></Cell>
    <Cell><Data ss:Type="String">Joe Smith</Data></Cell>
    <Cell><Data ss:Type="String">BC</Data></Cell>
    <Cell><Data ss:Type="Number">345.42</Data></Cell>
   </Row>
   <Row>
    <Cell><Data ss:Type="Number">2</Data></Cell>
    <Cell><Data ss:Type="String">Angus Angel</Data></Cell>
    <Cell><Data ss:Type="String">AB</Data></Cell>
    <Cell><Data ss:Type="Number">123.99</Data></Cell>
   </Row>
   <Row>
    <Cell><Data ss:Type="Number">3</Data></Cell>
    <Cell><Data ss:Type="String">Bart Brooke</Data></Cell>
    <Cell><Data ss:Type="String">ON</Data></Cell>
    <Cell><Data ss:Type="Number">0</Data></Cell>
   </Row>
   <Row>
    <Cell><Data ss:Type="Number">4</Data></Cell>
    <Cell><Data ss:Type="String">O'Shae, Riley</Data></Cell>
    <Cell><Data ss:Type="String">NS</Data></Cell>
    <Cell><Data ss:Type="Number">999.99</Data></Cell>
   </Row>
   <Row>
    <Cell><Data ss:Type="Number">5</Data></Cell>
    <Cell><Data ss:Type="String">Xavier Rhodes</Data></Cell>
    <Cell><Data ss:Type="String">MB</Data></Cell>
    <Cell><Data ss:Type="Number">1456789.23</Data></Cell>
   </Row>
  </Table>
  <WorksheetOptions xmlns="urn:schemas-microsoft-com:office:excel">
   <PageSetup>
    <Header x:Margin="0.3"/>
    <Footer x:Margin="0.3"/>
    <PageMargins x:Bottom="0.75" x:Left="0.7" x:Right="0.7" x:Top="0.75"/>
   </PageSetup>
   <Print>
    <ValidPrinterInfo/>
    <HorizontalResolution>1200</HorizontalResolution>
    <VerticalResolution>1200</VerticalResolution>
   </Print>
   <Selected/>
   <Panes>
    <Pane>
     <Number>3</Number>
     <ActiveRow>4</ActiveRow>
     <ActiveCol>1</ActiveCol>
    </Pane>
   </Panes>
   <ProtectObjects>False</ProtectObjects>
   <ProtectScenarios>False</ProtectScenarios>
  </WorksheetOptions>
 </Worksheet>
</Workbook>
